,muncode,year,oil_prod
0,5579.0,1989,0.0
1,5585.0,1989,3.8842585
2,5591.0,1989,2.5998325
3,5893.0,1989,3.689639
4,81001.0,1989,57.9051505
5,81065.0,1989,11.3115885
6,81736.0,1989,0.647872
7,81794.0,1989,0.0
8,13160.0,1989,1.4638
9,13188.0,1989,0.053886
10,13468.0,1989,0.0601115
11,13780.0,1989,0.1139975
12,15215.0,1989,0.0
13,15572.0,1989,2.566528
14,15667.0,1989,0.0
15,15820.0,1989,0.0
16,18610.0,1989,0.0
17,85010.0,1989,0.0
18,85125.0,1989,0.0
19,85139.0,1989,0.855058
20,85162.0,1989,0.0
21,85225.0,1989,0.261994
22,85230.0,1989,0.0
23,85250.0,1989,1.166802
24,85263.0,1989,0.0
25,85325.0,1989,1.301675
26,85410.0,1989,0.0
27,85430.0,1989,1.382722
28,85440.0,1989,0.0
29,85001.0,1989,0.972511
30,19533.0,1989,0.0
31,20011.0,1989,0.00447
32,20614.0,1989,0.248514
33,20710.0,1989,0.0
34,20770.0,1989,0.154416
35,25320.0,1989,0.0
36,25572.0,1989,0.0
37,25580.0,1989,0.0
38,25885.0,1989,0.0
39,41016.0,1989,4.702206
40,41078.0,1989,0.518793
41,41298.0,1989,0.0
42,41306.0,1989,0.0
43,41001.0,1989,10.5404395
44,41518.0,1989,0.06345
45,41524.0,1989,4.6305705
46,41799.0,1989,0.0
47,41797.0,1989,0.0
48,41872.0,1989,0.102011
49,41885.0,1989,0.0
50,47058.0,1989,0.026793
51,47545.0,1989,0.0
52,47707.0,1989,0.0
53,50006.0,1989,2.456607
54,50110.0,1989,0.0
55,50124.0,1989,0.0
56,50150.0,1989,2.286371
57,50318.0,1989,0.0
58,50568.0,1989,0.0
59,50577.0,1989,0.0
60,50573.0,1989,0.0
61,50680.0,1989,0.0
62,50689.0,1989,0.0
63,50001.0,1989,5.659664
64,50711.0,1989,0.0
65,52356.0,1989,0.122365
66,54128.0,1989,0.006654
67,54001.0,1989,0.475711
68,54720.0,1989,0.0
69,54810.0,1989,2.014351
70,86001.0,1989,0.0
71,86320.0,1989,3.670089
72,86568.0,1989,0.228605
73,86569.0,1989,0.0
74,86571.0,1989,0.0
75,86757.0,1989,0.887237
76,86865.0,1989,0.901387
77,86885.0,1989,0.0
78,68081.0,1989,5.422862
79,68101.0,1989,0.0
80,68190.0,1989,0.0
81,68235.0,1989,0.034685
82,68575.0,1989,1.29348
83,68615.0,1989,0.23568
84,68655.0,1989,7.054879
85,68689.0,1989,2.41297
86,68745.0,1989,0.009625
87,70418.0,1989,0.0
88,70508.0,1989,0.0
89,70717.0,1989,0.0
90,73026.0,1989,0.0
91,73168.0,1989,0.0
92,73200.0,1989,0.0
93,73268.0,1989,0.0
94,73275.0,1989,0.0
95,73319.0,1989,0.0
96,73352.0,1989,0.0
97,73449.0,1989,0.0
98,73504.0,1989,1.108697
99,73547.0,1989,0.0
100,73563.0,1989,0.0
101,73585.0,1989,0.0
102,73678.0,1989,0.0
103,73861.0,1989,0.0
104,99624.0,1989,0.0
105,5579.0,1990,0.0
106,5585.0,1990,4.327162
107,5591.0,1990,2.521697
108,5893.0,1990,4.469588
109,81001.0,1990,64.5699335
110,81065.0,1990,11.3327195
111,81736.0,1990,0.526565
112,81794.0,1990,0.0
113,13160.0,1990,1.4569205
114,13188.0,1990,0.048428
115,13468.0,1990,0.063089
116,13780.0,1990,0.111517
117,15215.0,1990,0.0
118,15572.0,1990,2.557473
119,15667.0,1990,0.0
120,15820.0,1990,0.0
121,18610.0,1990,0.0
122,85010.0,1990,0.361589
123,85125.0,1990,0.0
124,85139.0,1990,2.370625
125,85162.0,1990,0.0
126,85225.0,1990,0.500898
127,85230.0,1990,0.0
128,85250.0,1990,1.907111
129,85263.0,1990,0.0
130,85325.0,1990,0.867072
131,85410.0,1990,0.0
132,85430.0,1990,2.256326
133,85440.0,1990,0.0
134,85001.0,1990,2.664709
135,19533.0,1990,0.0
136,20011.0,1990,0.0043515
137,20614.0,1990,0.2003595
138,20710.0,1990,0.0
139,20770.0,1990,0.147463
140,25320.0,1990,0.0
141,25572.0,1990,0.0
142,25580.0,1990,0.0
143,25885.0,1990,0.0
144,41016.0,1990,4.1578545
145,41078.0,1990,0.481907
146,41298.0,1990,0.0
147,41306.0,1990,0.0
148,41001.0,1990,10.3840835
149,41518.0,1990,0.035085
150,41524.0,1990,4.910503
151,41799.0,1990,0.0
152,41797.0,1990,0.0
153,41872.0,1990,0.064251
154,41885.0,1990,0.0
155,47058.0,1990,0.115127
156,47545.0,1990,0.0
157,47707.0,1990,0.0
158,50006.0,1990,2.85265
159,50110.0,1990,0.0
160,50124.0,1990,0.0
161,50150.0,1990,2.447054
162,50318.0,1990,0.0
163,50568.0,1990,0.0
164,50577.0,1990,0.0
165,50573.0,1990,0.0
166,50680.0,1990,0.0
167,50689.0,1990,0.0
168,50001.0,1990,7.522522
169,50711.0,1990,0.0
170,52356.0,1990,0.123837
171,54128.0,1990,0.004132
172,54001.0,1990,0.393711
173,54720.0,1990,0.0
174,54810.0,1990,1.878622
175,86001.0,1990,0.006663
176,86320.0,1990,3.31425
177,86568.0,1990,0.158031
178,86569.0,1990,0.03934
179,86571.0,1990,0.01388
180,86757.0,1990,0.639794
181,86865.0,1990,0.66138
182,86885.0,1990,0.0
183,68081.0,1990,5.343155
184,68101.0,1990,0.0
185,68190.0,1990,0.0
186,68235.0,1990,0.033471
187,68575.0,1990,1.2828355
188,68615.0,1990,0.247147
189,68655.0,1990,6.747966
190,68689.0,1990,2.04284
191,68745.0,1990,0.003943
192,70418.0,1990,0.0
193,70508.0,1990,0.0
194,70717.0,1990,0.0
195,73026.0,1990,0.0
196,73168.0,1990,0.000998
197,73200.0,1990,0.0
198,73268.0,1990,0.0
199,73275.0,1990,0.0
200,73319.0,1990,0.0
201,73352.0,1990,0.0
202,73449.0,1990,0.0
203,73504.0,1990,0.86694
204,73547.0,1990,0.045749
205,73563.0,1990,0.0
206,73585.0,1990,0.0
207,73678.0,1990,0.034497
208,73861.0,1990,0.0
209,99624.0,1990,0.0
210,5579.0,1991,0.0
211,5585.0,1991,4.444736
212,5591.0,1991,2.598181
213,5893.0,1991,4.770788
214,81001.0,1991,60.8929475
215,81065.0,1991,10.7779495
216,81736.0,1991,0.037208
217,81794.0,1991,0.0
218,13160.0,1991,1.227675
219,13188.0,1991,0.0520735
220,13468.0,1991,0.0519005
221,13780.0,1991,0.102505
222,15215.0,1991,0.0
223,15572.0,1991,2.483331
224,15667.0,1991,0.0
225,15820.0,1991,0.0
226,18610.0,1991,0.0
227,85010.0,1991,1.171178
228,85125.0,1991,0.0
229,85139.0,1991,3.252118
230,85162.0,1991,0.0
231,85225.0,1991,0.3347275
232,85230.0,1991,0.0
233,85250.0,1991,1.40155
234,85263.0,1991,0.0
235,85325.0,1991,1.366418
236,85410.0,1991,0.0
237,85430.0,1991,2.316769
238,85440.0,1991,0.0
239,85001.0,1991,2.2534025
240,19533.0,1991,0.0
241,20011.0,1991,0.0040545
242,20614.0,1991,0.1951225
243,20710.0,1991,0.0
244,20770.0,1991,0.144689
245,25320.0,1991,0.0
246,25572.0,1991,0.0
247,25580.0,1991,0.0
248,25885.0,1991,0.0
249,41016.0,1991,4.1888145
250,41078.0,1991,0.608975
251,41298.0,1991,0.0
252,41306.0,1991,0.0
253,41001.0,1991,10.4036565
254,41518.0,1991,0.035983
255,41524.0,1991,5.172753
256,41799.0,1991,0.0
257,41797.0,1991,0.0
258,41872.0,1991,0.051427
259,41885.0,1991,0.0
260,47058.0,1991,0.041299
261,47545.0,1991,0.0
262,47707.0,1991,0.0
263,50006.0,1991,2.9234305
264,50110.0,1991,0.0
265,50124.0,1991,0.0
266,50150.0,1991,2.5243005
267,50318.0,1991,0.0
268,50568.0,1991,0.0
269,50577.0,1991,0.0
270,50573.0,1991,0.0
271,50680.0,1991,0.0
272,50689.0,1991,0.0
273,50001.0,1991,8.259597
274,50711.0,1991,0.0
275,52356.0,1991,0.088107
276,54128.0,1991,0.002716
277,54001.0,1991,0.397226
278,54720.0,1991,0.0
279,54810.0,1991,1.711869
280,86001.0,1991,0.0
281,86320.0,1991,3.100737
282,86568.0,1991,0.05597
283,86569.0,1991,0.083863
284,86571.0,1991,0.0
285,86757.0,1991,0.4160465
286,86865.0,1991,0.4104605
287,86885.0,1991,0.0
288,68081.0,1991,4.891059
289,68101.0,1991,0.0
290,68190.0,1991,0.0
291,68235.0,1991,0.031422
292,68575.0,1991,1.052302
293,68615.0,1991,0.21518
294,68655.0,1991,5.865943
295,68689.0,1991,1.650522
296,68745.0,1991,0.000188
297,70418.0,1991,0.0
298,70508.0,1991,0.0
299,70717.0,1991,0.0
300,73026.0,1991,0.051639
301,73168.0,1991,0.0
302,73200.0,1991,0.0
303,73268.0,1991,0.0
304,73275.0,1991,0.0
305,73319.0,1991,0.0
306,73352.0,1991,0.0
307,73449.0,1991,0.0
308,73504.0,1991,0.7659295
309,73547.0,1991,0.113595
310,73563.0,1991,0.0
311,73585.0,1991,0.0
312,73678.0,1991,0.0397905
313,73861.0,1991,0.0
314,99624.0,1991,0.0
315,5579.0,1992,0.0
316,5585.0,1992,3.465684
317,5591.0,1992,1.903139
318,5893.0,1992,4.874862
319,81001.0,1992,64.2853225
320,81065.0,1992,9.3473755
321,81736.0,1992,0.0
322,81794.0,1992,0.0
323,13160.0,1992,1.225552
324,13188.0,1992,0.050686
325,13468.0,1992,0.043002
326,13780.0,1992,0.091114
327,15215.0,1992,0.0
328,15572.0,1992,2.522298
329,15667.0,1992,0.0
330,15820.0,1992,0.0
331,18610.0,1992,0.0
332,85010.0,1992,1.706063
333,85125.0,1992,0.0
334,85139.0,1992,4.0165715
335,85162.0,1992,0.0
336,85225.0,1992,0.318789
337,85230.0,1992,0.0
338,85250.0,1992,1.369904
339,85263.0,1992,0.0
340,85325.0,1992,1.504785
341,85410.0,1992,0.4711285
342,85430.0,1992,3.145466
343,85440.0,1992,0.0
344,85001.0,1992,2.198941
345,19533.0,1992,0.0
346,20011.0,1992,0.0063255
347,20614.0,1992,0.1853835
348,20710.0,1992,0.0
349,20770.0,1992,0.138105
350,25320.0,1992,0.0
351,25572.0,1992,0.0
352,25580.0,1992,0.0
353,25885.0,1992,0.0
354,41016.0,1992,4.348905
355,41078.0,1992,0.701367
356,41298.0,1992,0.0
357,41306.0,1992,0.0
358,41001.0,1992,9.2043095
359,41518.0,1992,0.021622
360,41524.0,1992,5.1291195
361,41799.0,1992,0.0
362,41797.0,1992,0.0
363,41872.0,1992,0.043629
364,41885.0,1992,1.105091
365,47058.0,1992,0.0
366,47545.0,1992,0.0
367,47707.0,1992,0.0
368,50006.0,1992,3.4040835
369,50110.0,1992,0.0
370,50124.0,1992,0.0
371,50150.0,1992,2.8835605
372,50318.0,1992,0.0
373,50568.0,1992,0.024722
374,50577.0,1992,0.0
375,50573.0,1992,0.0
376,50680.0,1992,0.0
377,50689.0,1992,0.0
378,50001.0,1992,9.567911
379,50711.0,1992,0.0
380,52356.0,1992,0.148493
381,54128.0,1992,0.002063
382,54001.0,1992,0.395805
383,54720.0,1992,0.0
384,54810.0,1992,1.696511
385,86001.0,1992,0.458704
386,86320.0,1992,3.047534
387,86568.0,1992,0.072175
388,86569.0,1992,0.625513
389,86571.0,1992,0.256275
390,86757.0,1992,0.4930745
391,86865.0,1992,0.4757235
392,86885.0,1992,0.0
393,68081.0,1992,5.067246
394,68101.0,1992,0.0
395,68190.0,1992,0.0
396,68235.0,1992,0.03407
397,68575.0,1992,1.06669
398,68615.0,1992,0.181281
399,68655.0,1992,4.570516
400,68689.0,1992,1.549092
401,68745.0,1992,0.0009
402,70418.0,1992,0.0
403,70508.0,1992,0.0
404,70717.0,1992,0.000174
405,73026.0,1992,0.055478
406,73168.0,1992,0.022564
407,73200.0,1992,0.0
408,73268.0,1992,0.0
409,73275.0,1992,0.0
410,73319.0,1992,0.0
411,73352.0,1992,0.0
412,73449.0,1992,0.0
413,73504.0,1992,0.7944005
414,73547.0,1992,0.199398
415,73563.0,1992,0.0
416,73585.0,1992,0.0
417,73678.0,1992,0.0307805
418,73861.0,1992,0.0
419,99624.0,1992,0.0
420,5579.0,1993,0.0
421,5585.0,1993,3.210306
422,5591.0,1993,1.863747
423,5893.0,1993,4.130629
424,81001.0,1993,63.7038535
425,81065.0,1993,10.0050935
426,81736.0,1993,0.0
427,81794.0,1993,0.0
428,13160.0,1993,1.2110715
429,13188.0,1993,0.0506535
430,13468.0,1993,0.0450305
431,13780.0,1993,0.090587
432,15215.0,1993,0.0
433,15572.0,1993,2.067765
434,15667.0,1993,0.0
435,15820.0,1993,0.0
436,18610.0,1993,0.0
437,85010.0,1993,2.3738705
438,85125.0,1993,0.0
439,85139.0,1993,3.8889805
440,85162.0,1993,0.0
441,85225.0,1993,0.141793
442,85230.0,1993,0.0
443,85250.0,1993,1.397429
444,85263.0,1993,0.0
445,85325.0,1993,1.450159
446,85410.0,1993,1.69801
447,85430.0,1993,5.386451
448,85440.0,1993,0.0
449,85001.0,1993,1.883517
450,19533.0,1993,0.057584
451,20011.0,1993,0.022523
452,20614.0,1993,0.379457
453,20710.0,1993,0.0
454,20770.0,1993,0.118984
455,25320.0,1993,0.0
456,25572.0,1993,0.0
457,25580.0,1993,0.00157
458,25885.0,1993,0.0
459,41016.0,1993,4.084077
460,41078.0,1993,0.66549
461,41298.0,1993,0.0
462,41306.0,1993,0.0
463,41001.0,1993,9.283016
464,41518.0,1993,0.03865
465,41524.0,1993,4.698371
466,41799.0,1993,0.0
467,41797.0,1993,0.0
468,41872.0,1993,0.044516
469,41885.0,1993,3.253362
470,47058.0,1993,0.0
471,47545.0,1993,0.0
472,47707.0,1993,0.0
473,50006.0,1993,4.1564405
474,50110.0,1993,0.0
475,50124.0,1993,0.0
476,50150.0,1993,2.9435145
477,50318.0,1993,0.0
478,50568.0,1993,0.046654
479,50577.0,1993,0.0
480,50573.0,1993,0.0
481,50680.0,1993,0.0
482,50689.0,1993,0.0
483,50001.0,1993,9.964183
484,50711.0,1993,0.0
485,52356.0,1993,0.138865
486,54128.0,1993,0.000354
487,54001.0,1993,0.485873
488,54720.0,1993,0.0
489,54810.0,1993,1.635077
490,86001.0,1993,0.961878
491,86320.0,1993,2.666222
492,86568.0,1993,0.086334
493,86569.0,1993,0.459138
494,86571.0,1993,0.28596
495,86757.0,1993,0.775926
496,86865.0,1993,0.749961
497,86885.0,1993,0.0
498,68081.0,1993,4.64799
499,68101.0,1993,0.0
500,68190.0,1993,0.0
501,68235.0,1993,0.025115
502,68575.0,1993,1.0674815
503,68615.0,1993,0.162712
504,68655.0,1993,3.643894
505,68689.0,1993,1.328315
506,68745.0,1993,0.022055
507,70418.0,1993,0.0
508,70508.0,1993,0.0
509,70717.0,1993,0.003673
510,73026.0,1993,0.041438
511,73168.0,1993,0.123344
512,73200.0,1993,0.0
513,73268.0,1993,0.0
514,73275.0,1993,0.0
515,73319.0,1993,0.0
516,73352.0,1993,0.0
517,73449.0,1993,0.0
518,73504.0,1993,0.8426565
519,73547.0,1993,0.407872
520,73563.0,1993,0.0
521,73585.0,1993,0.767323
522,73678.0,1993,0.0648025
523,73861.0,1993,0.0
524,99624.0,1993,0.0
525,5579.0,1994,0.0
526,5585.0,1994,3.040077
527,5591.0,1994,1.94421
528,5893.0,1994,3.944984
529,81001.0,1994,60.005715
530,81065.0,1994,9.60233
531,81736.0,1994,0.068851
532,81794.0,1994,0.0
533,13160.0,1994,1.219102
534,13188.0,1994,0.0454945
535,13468.0,1994,0.027248
536,13780.0,1994,0.0711145
537,15215.0,1994,0.0
538,15572.0,1994,2.21468
539,15667.0,1994,0.0
540,15820.0,1994,0.0
541,18610.0,1994,0.0
542,85010.0,1994,2.977447
543,85125.0,1994,0.0
544,85139.0,1994,4.923743
545,85162.0,1994,0.0
546,85225.0,1994,0.164413
547,85230.0,1994,0.9198835
548,85250.0,1994,1.073253
549,85263.0,1994,0.0
550,85325.0,1994,1.2357775
551,85410.0,1994,2.330852
552,85430.0,1994,4.232615
553,85440.0,1994,0.0
554,85001.0,1994,1.652055
555,19533.0,1994,0.298972
556,20011.0,1994,0.022769
557,20614.0,1994,0.543144
558,20710.0,1994,0.0
559,20770.0,1994,0.097635
560,25320.0,1994,0.0
561,25572.0,1994,0.0
562,25580.0,1994,0.0
563,25885.0,1994,0.0
564,41016.0,1994,4.7046285
565,41078.0,1994,0.636968
566,41298.0,1994,0.0
567,41306.0,1994,0.0
568,41001.0,1994,9.309412
569,41518.0,1994,0.003373
570,41524.0,1994,4.6388605
571,41799.0,1994,0.0
572,41797.0,1994,0.0
573,41872.0,1994,0.041289
574,41885.0,1994,2.940502
575,47058.0,1994,0.0
576,47545.0,1994,0.0
577,47707.0,1994,0.0
578,50006.0,1994,5.830575
579,50110.0,1994,0.0
580,50124.0,1994,0.0
581,50150.0,1994,3.110139
582,50318.0,1994,0.0
583,50568.0,1994,0.0057
584,50577.0,1994,0.0
585,50573.0,1994,0.0
586,50680.0,1994,0.0
587,50689.0,1994,0.0
588,50001.0,1994,11.367705
589,50711.0,1994,0.0
590,52356.0,1994,0.128552
591,54128.0,1994,0.0
592,54001.0,1994,0.49192
593,54720.0,1994,0.0
594,54810.0,1994,1.547816
595,86001.0,1994,0.731037
596,86320.0,1994,2.419479
597,86568.0,1994,0.056799
598,86569.0,1994,0.410659
599,86571.0,1994,0.168732
600,86757.0,1994,0.557047
601,86865.0,1994,0.529091
602,86885.0,1994,0.0
603,68081.0,1994,4.811784
604,68101.0,1994,0.0
605,68190.0,1994,0.0
606,68235.0,1994,0.031928
607,68575.0,1994,1.067609
608,68615.0,1994,0.165397
609,68655.0,1994,3.242698
610,68689.0,1994,1.267867
611,68745.0,1994,0.024636
612,70418.0,1994,0.0
613,70508.0,1994,0.0
614,70717.0,1994,0.003728
615,73026.0,1994,0.031926
616,73168.0,1994,0.0803655
617,73200.0,1994,0.0
618,73268.0,1994,0.0
619,73275.0,1994,0.0
620,73319.0,1994,0.0
621,73352.0,1994,0.0
622,73449.0,1994,0.0
623,73504.0,1994,0.845077
624,73547.0,1994,0.372592
625,73563.0,1994,0.0
626,73585.0,1994,1.894419
627,73678.0,1994,0.0630935
628,73861.0,1994,0.0
629,99624.0,1994,0.0
630,5579.0,1995,0.0
631,5585.0,1995,2.779308
632,5591.0,1995,1.721313
633,5893.0,1995,3.702372
634,81001.0,1995,60.843421
635,81065.0,1995,10.730104
636,81736.0,1995,0.518084
637,81794.0,1995,0.0
638,13160.0,1995,1.2056515
639,13188.0,1995,0.0541485
640,13468.0,1995,0.0367475
641,13780.0,1995,0.089162
642,15215.0,1995,0.0
643,15572.0,1995,2.102013
644,15667.0,1995,0.0
645,15820.0,1995,0.0
646,18610.0,1995,0.0
647,85010.0,1995,24.0771
648,85125.0,1995,0.0
649,85139.0,1995,4.3415995
650,85162.0,1995,0.0
651,85225.0,1995,0.1083325
652,85230.0,1995,2.3702585
653,85250.0,1995,1.297384
654,85263.0,1995,0.0
655,85325.0,1995,1.1557845
656,85410.0,1995,23.5206895
657,85430.0,1995,3.82138
658,85440.0,1995,0.0
659,85001.0,1995,1.4001695
660,19533.0,1995,1.426226
661,20011.0,1995,0.017619
662,20614.0,1995,0.45467
663,20710.0,1995,0.0
664,20770.0,1995,0.1531
665,25320.0,1995,0.0
666,25572.0,1995,0.0
667,25580.0,1995,0.003733
668,25885.0,1995,0.0
669,41016.0,1995,4.495943
670,41078.0,1995,0.576009
671,41298.0,1995,0.0
672,41306.0,1995,0.0
673,41001.0,1995,9.7052825
674,41518.0,1995,0.000546
675,41524.0,1995,5.2950615
676,41799.0,1995,0.0
677,41797.0,1995,0.0
678,41872.0,1995,0.037985
679,41885.0,1995,2.775767
680,47058.0,1995,0.0
681,47545.0,1995,0.0
682,47707.0,1995,0.0
683,50006.0,1995,6.640553
684,50110.0,1995,0.0
685,50124.0,1995,0.0
686,50150.0,1995,3.139316
687,50318.0,1995,0.0
688,50568.0,1995,0.239429
689,50577.0,1995,0.0
690,50573.0,1995,0.0
691,50680.0,1995,0.0
692,50689.0,1995,0.0
693,50001.0,1995,11.556377
694,50711.0,1995,0.0
695,52356.0,1995,0.115266
696,54128.0,1995,0.0
697,54001.0,1995,0.394037
698,54720.0,1995,0.0
699,54810.0,1995,1.461691
700,86001.0,1995,0.770136
701,86320.0,1995,2.223587
702,86568.0,1995,0.059436
703,86569.0,1995,0.490203
704,86571.0,1995,0.172098
705,86757.0,1995,0.718563
706,86865.0,1995,0.710964
707,86885.0,1995,0.0
708,68081.0,1995,4.516157
709,68101.0,1995,0.0
710,68190.0,1995,0.0
711,68235.0,1995,0.033867
712,68575.0,1995,1.0281235
713,68615.0,1995,0.167355
714,68655.0,1995,2.768985
715,68689.0,1995,1.173192
716,68745.0,1995,0.021993
717,70418.0,1995,0.0
718,70508.0,1995,0.0
719,70717.0,1995,0.003883
720,73026.0,1995,0.031947
721,73168.0,1995,0.041232
722,73200.0,1995,0.0
723,73268.0,1995,0.0
724,73275.0,1995,0.0
725,73319.0,1995,0.0
726,73352.0,1995,0.0
727,73449.0,1995,0.0
728,73504.0,1995,0.5690755
729,73547.0,1995,0.317284
730,73563.0,1995,0.0018905
731,73585.0,1995,2.4630545
732,73678.0,1995,0.0459245
733,73861.0,1995,0.0
734,99624.0,1995,0.0
735,5579.0,1996,0.0
736,5585.0,1996,2.519327
737,5591.0,1996,1.521322
738,5893.0,1996,3.51047
739,81001.0,1996,60.096121
740,81065.0,1996,9.599851
741,81736.0,1996,0.552249
742,81794.0,1996,0.0
743,13160.0,1996,1.1974015
744,13188.0,1996,0.0519375
745,13468.0,1996,0.02674
746,13780.0,1996,0.0771835
747,15215.0,1996,0.0
748,15572.0,1996,1.950872
749,15667.0,1996,0.0
750,15820.0,1996,0.0
751,18610.0,1996,0.0
752,85010.0,1996,32.5926265
753,85125.0,1996,0.0
754,85139.0,1996,4.2615845
755,85162.0,1996,0.0
756,85225.0,1996,0.1048265
757,85230.0,1996,2.295743
758,85250.0,1996,0.997898
759,85263.0,1996,0.0
760,85325.0,1996,1.05466
761,85410.0,1996,31.1592975
762,85430.0,1996,4.345701
763,85440.0,1996,0.0
764,85001.0,1996,2.085853
765,19533.0,1996,2.068494
766,20011.0,1996,0.015322
767,20614.0,1996,0.39504
768,20710.0,1996,0.0
769,20770.0,1996,0.149984
770,25320.0,1996,0.060222
771,25572.0,1996,0.0
772,25580.0,1996,0.0
773,25885.0,1996,0.0
774,41016.0,1996,4.193964
775,41078.0,1996,0.412397
776,41298.0,1996,0.0
777,41306.0,1996,0.0
778,41001.0,1996,8.7543765
779,41518.0,1996,0.0
780,41524.0,1996,4.6116575
781,41799.0,1996,0.0
782,41797.0,1996,0.0
783,41872.0,1996,0.033908
784,41885.0,1996,2.264888
785,47058.0,1996,0.0
786,47545.0,1996,0.0
787,47707.0,1996,0.0
788,50006.0,1996,7.3693915
789,50110.0,1996,0.0
790,50124.0,1996,0.0
791,50150.0,1996,3.7032555
792,50318.0,1996,0.0
793,50568.0,1996,0.099357
794,50577.0,1996,0.0
795,50573.0,1996,0.0
796,50680.0,1996,0.0
797,50689.0,1996,0.0
798,50001.0,1996,14.455888
799,50711.0,1996,0.0
800,52356.0,1996,0.105659
801,54128.0,1996,0.0
802,54001.0,1996,0.414063
803,54720.0,1996,0.0
804,54810.0,1996,1.372116
805,86001.0,1996,0.815952
806,86320.0,1996,2.029868
807,86568.0,1996,0.062256
808,86569.0,1996,0.357523
809,86571.0,1996,0.294423
810,86757.0,1996,0.9043365
811,86865.0,1996,0.8664685
812,86885.0,1996,0.0
813,68081.0,1996,4.422061
814,68101.0,1996,0.0
815,68190.0,1996,0.0
816,68235.0,1996,0.03257
817,68575.0,1996,1.0288585
818,68615.0,1996,0.212638
819,68655.0,1996,2.641158
820,68689.0,1996,1.157079
821,68745.0,1996,0.01717
822,70418.0,1996,0.0
823,70508.0,1996,0.0
824,70717.0,1996,0.01218
825,73026.0,1996,0.028426
826,73168.0,1996,0.092472
827,73200.0,1996,0.0
828,73268.0,1996,0.0
829,73275.0,1996,0.0
830,73319.0,1996,0.0
831,73352.0,1996,0.0
832,73449.0,1996,0.0
833,73504.0,1996,0.8347565
834,73547.0,1996,0.323025
835,73563.0,1996,0.246217
836,73585.0,1996,1.851694
837,73678.0,1996,0.0580045
838,73861.0,1996,0.0
839,99624.0,1996,0.0
840,5579.0,1997,0.0
841,5585.0,1997,2.2520125
842,5591.0,1997,1.355753
843,5893.0,1997,3.149811
844,81001.0,1997,50.597293
845,81065.0,1997,8.023592
846,81736.0,1997,0.465233
847,81794.0,1997,0.0
848,13160.0,1997,1.120752
849,13188.0,1997,0.055605
850,13468.0,1997,0.006355
851,13780.0,1997,0.06196
852,15215.0,1997,0.0
853,15572.0,1997,1.9240865
854,15667.0,1997,0.0
855,15820.0,1997,0.0
856,18610.0,1997,0.0
857,85010.0,1997,41.1913205
858,85125.0,1997,0.0
859,85139.0,1997,3.6832
860,85162.0,1997,0.0
861,85225.0,1997,0.3890125
862,85230.0,1997,2.14175
863,85250.0,1997,1.000756
864,85263.0,1997,0.0
865,85325.0,1997,0.921251
866,85410.0,1997,34.6385355
867,85430.0,1997,4.009289
868,85440.0,1997,0.0
869,85001.0,1997,6.8654445
870,19533.0,1997,1.7277
871,20011.0,1997,0.011902
872,20614.0,1997,0.359107
873,20710.0,1997,0.0
874,20770.0,1997,0.131956
875,25320.0,1997,0.118711
876,25572.0,1997,0.0
877,25580.0,1997,0.0
878,25885.0,1997,0.0
879,41016.0,1997,4.1741605
880,41078.0,1997,0.291223
881,41298.0,1997,0.0
882,41306.0,1997,0.0
883,41001.0,1997,9.128295
884,41518.0,1997,0.0
885,41524.0,1997,4.6908225
886,41799.0,1997,0.0
887,41797.0,1997,0.0
888,41872.0,1997,0.022265
889,41885.0,1997,1.993001
890,47058.0,1997,0.0
891,47545.0,1997,0.0
892,47707.0,1997,0.0
893,50006.0,1997,8.2318615
894,50110.0,1997,0.0
895,50124.0,1997,0.0
896,50150.0,1997,4.2001405
897,50318.0,1997,0.0
898,50568.0,1997,0.232975
899,50577.0,1997,0.0
900,50573.0,1997,0.0
901,50680.0,1997,0.0
902,50689.0,1997,0.0
903,50001.0,1997,17.405402
904,50711.0,1997,0.0
905,52356.0,1997,0.096522
906,54128.0,1997,0.0
907,54001.0,1997,0.405645
908,54720.0,1997,0.0
909,54810.0,1997,1.207919
910,86001.0,1997,0.961061
911,86320.0,1997,1.906251
912,86568.0,1997,0.037298
913,86569.0,1997,0.322715
914,86571.0,1997,0.756269
915,86757.0,1997,0.913526
916,86865.0,1997,0.86957
917,86885.0,1997,0.0
918,68081.0,1997,4.062377
919,68101.0,1997,0.0
920,68190.0,1997,0.0
921,68235.0,1997,0.031245
922,68575.0,1997,0.965615
923,68615.0,1997,0.203751
924,68655.0,1997,2.677918
925,68689.0,1997,1.105806
926,68745.0,1997,0.009742
927,70418.0,1997,0.0
928,70508.0,1997,0.0
929,70717.0,1997,0.014257
930,73026.0,1997,0.030584
931,73168.0,1997,0.066717
932,73200.0,1997,0.0
933,73268.0,1997,0.0
934,73275.0,1997,0.0
935,73319.0,1997,0.0
936,73352.0,1997,0.0
937,73449.0,1997,0.0
938,73504.0,1997,0.7400595
939,73547.0,1997,0.300277
940,73563.0,1997,0.794983
941,73585.0,1997,3.055868
942,73678.0,1997,0.0479085
943,73861.0,1997,0.0
944,99624.0,1997,0.0
945,5579.0,1998,0.0
946,5585.0,1998,2.133505
947,5591.0,1998,1.200594
948,5893.0,1998,2.964257
949,81001.0,1998,38.9223745
950,81065.0,1998,7.5838465
951,81736.0,1998,0.299298
952,81794.0,1998,0.0
953,13160.0,1998,1.0704055
954,13188.0,1998,0.044077
955,13468.0,1998,0.02296
956,13780.0,1998,0.064147
957,15215.0,1998,0.0
958,15572.0,1998,2.150749
959,15667.0,1998,0.0
960,15820.0,1998,0.0
961,18610.0,1998,0.0
962,85010.0,1998,64.834511
963,85125.0,1998,0.0
964,85139.0,1998,3.6620425
965,85162.0,1998,0.0
966,85225.0,1998,0.963042
967,85230.0,1998,3.135944
968,85250.0,1998,0.883315
969,85263.0,1998,0.0
970,85325.0,1998,1.000162
971,85410.0,1998,45.6904535
972,85430.0,1998,3.630962
973,85440.0,1998,0.0
974,85001.0,1998,19.774381
975,19533.0,1998,0.950365
976,20011.0,1998,0.201512
977,20614.0,1998,0.332049
978,20710.0,1998,0.03156
979,20770.0,1998,0.105472
980,25320.0,1998,0.0
981,25572.0,1998,0.0
982,25580.0,1998,0.013858
983,25885.0,1998,0.0
984,41016.0,1998,4.471892
985,41078.0,1998,0.216107
986,41298.0,1998,0.0
987,41306.0,1998,0.0
988,41001.0,1998,10.383376
989,41518.0,1998,9e-05
990,41524.0,1998,4.086988
991,41799.0,1998,0.0
992,41797.0,1998,0.0
993,41872.0,1998,0.020529
994,41885.0,1998,2.328863
995,47058.0,1998,0.0
996,47545.0,1998,0.0
997,47707.0,1998,0.0
998,50006.0,1998,7.676884
999,50110.0,1998,0.0
1000,50124.0,1998,0.0
1001,50150.0,1998,3.925832
1002,50318.0,1998,0.0
1003,50568.0,1998,0.0
1004,50577.0,1998,0.0
1005,50573.0,1998,0.0
1006,50680.0,1998,0.0
1007,50689.0,1998,0.0
1008,50001.0,1998,17.054227
1009,50711.0,1998,0.0
1010,52356.0,1998,0.079308
1011,54128.0,1998,0.0
1012,54001.0,1998,0.328387
1013,54720.0,1998,0.0
1014,54810.0,1998,0.973586
1015,86001.0,1998,0.531408
1016,86320.0,1998,1.733102
1017,86568.0,1998,0.016871
1018,86569.0,1998,0.211444
1019,86571.0,1998,0.395577
1020,86757.0,1998,0.932308
1021,86865.0,1998,0.925851
1022,86885.0,1998,0.0
1023,68081.0,1998,3.937425
1024,68101.0,1998,0.0
1025,68190.0,1998,0.329583
1026,68235.0,1998,0.031134
1027,68575.0,1998,0.9279185
1028,68615.0,1998,0.184582
1029,68655.0,1998,3.400065
1030,68689.0,1998,1.052657
1031,68745.0,1998,0.016045
1032,70418.0,1998,0.0
1033,70508.0,1998,0.0
1034,70717.0,1998,0.005404
1035,73026.0,1998,0.041156
1036,73168.0,1998,0.1220515
1037,73200.0,1998,0.0
1038,73268.0,1998,0.0
1039,73275.0,1998,0.0
1040,73319.0,1998,0.0
1041,73352.0,1998,0.0
1042,73449.0,1998,0.0
1043,73504.0,1998,0.7300125
1044,73547.0,1998,0.344566
1045,73563.0,1998,0.681827
1046,73585.0,1998,2.762009
1047,73678.0,1998,0.046602
1048,73861.0,1998,0.0
1049,99624.0,1998,0.0
1050,5579.0,1999,0.0
1051,5585.0,1999,2.129553
1052,5591.0,1999,1.2276725
1053,5893.0,1999,2.687107
1054,81001.0,1999,28.4728125
1055,81065.0,1999,17.9086125
1056,81736.0,1999,0.345242
1057,81794.0,1999,0.0
1058,13160.0,1999,0.998875
1059,13188.0,1999,0.05683
1060,13468.0,1999,0.0181935
1061,13780.0,1999,0.0597315
1062,15215.0,1999,0.0
1063,15572.0,1999,1.8729195
1064,15667.0,1999,0.0
1065,15820.0,1999,0.0
1066,18610.0,1999,0.0
1067,85010.0,1999,79.5434065
1068,85125.0,1999,0.0
1069,85139.0,1999,4.4798405
1070,85162.0,1999,0.0
1071,85225.0,1999,0.9042605
1072,85230.0,1999,2.7608525
1073,85250.0,1999,1.081976
1074,85263.0,1999,0.0
1075,85325.0,1999,1.0939935
1076,85410.0,1999,47.116507
1077,85430.0,1999,2.944884
1078,85440.0,1999,0.0
1079,85001.0,1999,33.4998645
1080,19533.0,1999,0.734639
1081,20011.0,1999,0.334079
1082,20614.0,1999,0.121545
1083,20710.0,1999,0.228503
1084,20770.0,1999,0.091265
1085,25320.0,1999,0.487035
1086,25572.0,1999,0.0
1087,25580.0,1999,0.014107
1088,25885.0,1999,0.0
1089,41016.0,1999,4.3605455
1090,41078.0,1999,0.145019
1091,41298.0,1999,0.169433
1092,41306.0,1999,0.169433
1093,41001.0,1999,12.664385
1094,41518.0,1999,0.0
1095,41524.0,1999,4.0462985
1096,41799.0,1999,0.0
1097,41797.0,1999,0.0
1098,41872.0,1999,0.000567
1099,41885.0,1999,2.751727
1100,47058.0,1999,0.0
1101,47545.0,1999,0.0
1102,47707.0,1999,0.0
1103,50006.0,1999,6.903772
1104,50110.0,1999,0.0
1105,50124.0,1999,0.0
1106,50150.0,1999,4.045376
1107,50318.0,1999,0.0
1108,50568.0,1999,0.0
1109,50577.0,1999,0.0
1110,50573.0,1999,0.0
1111,50680.0,1999,0.0
1112,50689.0,1999,0.0
1113,50001.0,1999,14.016397
1114,50711.0,1999,0.0
1115,52356.0,1999,0.095126
1116,54128.0,1999,0.0
1117,54001.0,1999,0.412664
1118,54720.0,1999,0.0
1119,54810.0,1999,1.021601
1120,86001.0,1999,0.407896
1121,86320.0,1999,1.491686
1122,86568.0,1999,0.000659
1123,86569.0,1999,0.001296
1124,86571.0,1999,0.219633
1125,86757.0,1999,1.0520765
1126,86865.0,1999,1.0116085
1127,86885.0,1999,0.0
1128,68081.0,1999,3.616919
1129,68101.0,1999,0.0
1130,68190.0,1999,0.177854
1131,68235.0,1999,0.026805
1132,68575.0,1999,0.826446
1133,68615.0,1999,0.182926
1134,68655.0,1999,2.532187
1135,68689.0,1999,0.987242
1136,68745.0,1999,0.00881
1137,70418.0,1999,0.0
1138,70508.0,1999,0.0
1139,70717.0,1999,0.003779
1140,73026.0,1999,0.040736
1141,73168.0,1999,0.101655
1142,73200.0,1999,0.0
1143,73268.0,1999,0.0
1144,73275.0,1999,0.0
1145,73319.0,1999,0.0
1146,73352.0,1999,0.0
1147,73449.0,1999,0.0
1148,73504.0,1999,0.7895205
1149,73547.0,1999,0.438383
1150,73563.0,1999,0.4066445
1151,73585.0,1999,1.5749265
1152,73678.0,1999,0.0433675
1153,73861.0,1999,0.0
1154,99624.0,1999,0.0
1155,5579.0,2000,0.0
1156,5585.0,2000,2.0732675
1157,5591.0,2000,1.208936
1158,5893.0,2000,2.508361
1159,81001.0,2000,20.541166
1160,81065.0,2000,13.481053
1161,81736.0,2000,0.242453
1162,81794.0,2000,0.0
1163,13160.0,2000,0.970285
1164,13188.0,2000,0.067208
1165,13468.0,2000,0.2054775
1166,13780.0,2000,0.2609225
1167,15215.0,2000,0.0
1168,15572.0,2000,1.8725565
1169,15667.0,2000,0.0
1170,15820.0,2000,0.0
1171,18610.0,2000,0.0
1172,85010.0,2000,62.770042
1173,85125.0,2000,0.0
1174,85139.0,2000,4.1571515
1175,85162.0,2000,0.0
1176,85225.0,2000,0.761733
1177,85230.0,2000,2.7739535
1178,85250.0,2000,1.030152
1179,85263.0,2000,0.0
1180,85325.0,2000,0.9770895
1181,85410.0,2000,33.123601
1182,85430.0,2000,3.110277
1183,85440.0,2000,0.0
1184,85001.0,2000,30.8420725
1185,19533.0,2000,0.565335
1186,20011.0,2000,0.309598
1187,20614.0,2000,0.117822
1188,20710.0,2000,0.189167
1189,20770.0,2000,0.108402
1190,25320.0,2000,0.412669
1191,25572.0,2000,0.0
1192,25580.0,2000,0.081745
1193,25885.0,2000,0.0
1194,41016.0,2000,4.303573
1195,41078.0,2000,0.128101
1196,41298.0,2000,0.215532
1197,41306.0,2000,0.215532
1198,41001.0,2000,12.031098
1199,41518.0,2000,0.0
1200,41524.0,2000,4.29721
1201,41799.0,2000,0.0
1202,41797.0,2000,0.0
1203,41872.0,2000,0.0
1204,41885.0,2000,2.855801
1205,47058.0,2000,0.0
1206,47545.0,2000,0.0
1207,47707.0,2000,0.0
1208,50006.0,2000,6.1068105
1209,50110.0,2000,0.0
1210,50124.0,2000,0.0
1211,50150.0,2000,3.9472115
1212,50318.0,2000,0.0
1213,50568.0,2000,0.12921
1214,50577.0,2000,0.0
1215,50573.0,2000,0.473728
1216,50680.0,2000,0.0
1217,50689.0,2000,0.0
1218,50001.0,2000,13.196814
1219,50711.0,2000,0.0
1220,52356.0,2000,0.007472
1221,54128.0,2000,0.0
1222,54001.0,2000,0.410583
1223,54720.0,2000,0.0
1224,54810.0,2000,0.957222
1225,86001.0,2000,0.322143
1226,86320.0,2000,1.617929
1227,86568.0,2000,0.0
1228,86569.0,2000,0.055834
1229,86571.0,2000,0.148563
1230,86757.0,2000,0.6662915
1231,86865.0,2000,0.6300035
1232,86885.0,2000,0.0
1233,68081.0,2000,3.578028
1234,68101.0,2000,0.0
1235,68190.0,2000,0.116699
1236,68235.0,2000,0.02812
1237,68575.0,2000,0.823046
1238,68615.0,2000,0.189249
1239,68655.0,2000,2.334024
1240,68689.0,2000,1.051366
1241,68745.0,2000,0.011266
1242,70418.0,2000,0.0
1243,70508.0,2000,0.0
1244,70717.0,2000,0.001272
1245,73026.0,2000,0.037576
1246,73168.0,2000,0.149267
1247,73200.0,2000,0.0
1248,73268.0,2000,0.014104
1249,73275.0,2000,0.014104
1250,73319.0,2000,0.003327
1251,73352.0,2000,0.092195
1252,73449.0,2000,0.092195
1253,73504.0,2000,1.023342
1254,73547.0,2000,0.415421
1255,73563.0,2000,1.6801345
1256,73585.0,2000,2.2788045
1257,73678.0,2000,0.041911
1258,73861.0,2000,0.0
1259,99624.0,2000,0.0
1260,5579.0,2001,0.0
1261,5585.0,2001,1.8741025
1262,5591.0,2001,1.1201105
1263,5893.0,2001,2.323
1264,81001.0,2001,11.5771365
1265,81065.0,2001,7.9486875
1266,81736.0,2001,0.226388
1267,81794.0,2001,0.0
1268,13160.0,2001,0.9448725
1269,13188.0,2001,0.057509
1270,13468.0,2001,0.01215
1271,13780.0,2001,0.058033
1272,15215.0,2001,0.0
1273,15572.0,2001,1.842462
1274,15667.0,2001,0.0
1275,15820.0,2001,0.0
1276,18610.0,2001,0.0
1277,85010.0,2001,53.97291
1278,85125.0,2001,0.0
1279,85139.0,2001,3.4169775
1280,85162.0,2001,0.0
1281,85225.0,2001,0.9763155
1282,85230.0,2001,2.5897525
1283,85250.0,2001,0.860606
1284,85263.0,2001,0.0
1285,85325.0,2001,0.8214425
1286,85410.0,2001,26.3393415
1287,85430.0,2001,3.190781
1288,85440.0,2001,0.0
1289,85001.0,2001,31.8348785
1290,19533.0,2001,0.473247
1291,20011.0,2001,0.079035
1292,20614.0,2001,0.116348
1293,20710.0,2001,0.187482
1294,20770.0,2001,0.1209
1295,25320.0,2001,2.034161
1296,25572.0,2001,0.0
1297,25580.0,2001,0.070362
1298,25885.0,2001,0.0
1299,41016.0,2001,4.4575285
1300,41078.0,2001,0.1291
1301,41298.0,2001,0.137029
1302,41306.0,2001,0.137029
1303,41001.0,2001,12.317519
1304,41518.0,2001,0.0
1305,41524.0,2001,4.3484475
1306,41799.0,2001,0.0
1307,41797.0,2001,0.0
1308,41872.0,2001,0.0
1309,41885.0,2001,2.3977
1310,47058.0,2001,0.0
1311,47545.0,2001,0.0
1312,47707.0,2001,0.0
1313,50006.0,2001,5.918273
1314,50110.0,2001,0.0
1315,50124.0,2001,0.0
1316,50150.0,2001,3.836655
1317,50318.0,2001,0.0
1318,50568.0,2001,0.572471
1319,50577.0,2001,0.0
1320,50573.0,2001,0.399806
1321,50680.0,2001,0.0
1322,50689.0,2001,0.0
1323,50001.0,2001,11.508623
1324,50711.0,2001,0.0
1325,52356.0,2001,0.083484
1326,54128.0,2001,0.0
1327,54001.0,2001,0.37974
1328,54720.0,2001,0.0
1329,54810.0,2001,0.949226
1330,86001.0,2001,0.266765
1331,86320.0,2001,1.480145
1332,86568.0,2001,0.00111
1333,86569.0,2001,0.069473
1334,86571.0,2001,0.155865
1335,86757.0,2001,0.64843
1336,86865.0,2001,0.632684
1337,86885.0,2001,0.0
1338,68081.0,2001,3.314785
1339,68101.0,2001,0.0
1340,68190.0,2001,0.09752
1341,68235.0,2001,0.029368
1342,68575.0,2001,0.7809735
1343,68615.0,2001,0.217273
1344,68655.0,2001,2.248415
1345,68689.0,2001,1.071835
1346,68745.0,2001,0.015848
1347,70418.0,2001,0.0
1348,70508.0,2001,0.0
1349,70717.0,2001,0.000509
1350,73026.0,2001,0.036123
1351,73168.0,2001,0.089858
1352,73200.0,2001,0.0
1353,73268.0,2001,0.04342
1354,73275.0,2001,0.04342
1355,73319.0,2001,0.003418
1356,73352.0,2001,0.234025
1357,73449.0,2001,0.234025
1358,73504.0,2001,0.8334415
1359,73547.0,2001,0.388159
1360,73563.0,2001,2.261384
1361,73585.0,2001,2.632136
1362,73678.0,2001,0.0378555
1363,73861.0,2001,0.0
1364,99624.0,2001,0.0
1365,5579.0,2002,0.0
1366,5585.0,2002,1.6846945
1367,5591.0,2002,0.9867245
1368,5893.0,2002,2.196003
1369,81001.0,2002,21.6231125
1370,81065.0,2002,14.2367125
1371,81736.0,2002,0.195293
1372,81794.0,2002,0.006455
1373,13160.0,2002,0.96134
1374,13188.0,2002,0.059636
1375,13468.0,2002,0.0176155
1376,13780.0,2002,0.0656735
1377,15215.0,2002,0.0
1378,15572.0,2002,2.252086
1379,15667.0,2002,0.0
1380,15820.0,2002,0.0
1381,18610.0,2002,0.0
1382,85010.0,2002,42.464569
1383,85125.0,2002,0.0
1384,85139.0,2002,2.868328
1385,85162.0,2002,0.0
1386,85225.0,2002,0.3281735
1387,85230.0,2002,2.48735
1388,85250.0,2002,0.878137
1389,85263.0,2002,0.0
1390,85325.0,2002,0.865123
1391,85410.0,2002,19.205185
1392,85430.0,2002,2.579262
1393,85440.0,2002,0.0
1394,85001.0,2002,29.6306045
1395,19533.0,2002,0.385437
1396,20011.0,2002,0.098576
1397,20614.0,2002,0.119093
1398,20710.0,2002,0.178182
1399,20770.0,2002,0.113774
1400,25320.0,2002,2.684104
1401,25572.0,2002,0.0
1402,25580.0,2002,0.062985
1403,25885.0,2002,0.0
1404,41016.0,2002,3.355572
1405,41078.0,2002,0.11714
1406,41298.0,2002,0.120879
1407,41306.0,2002,0.120879
1408,41001.0,2002,11.215061
1409,41518.0,2002,0.0
1410,41524.0,2002,3.814364
1411,41799.0,2002,0.0
1412,41797.0,2002,0.0
1413,41872.0,2002,0.0
1414,41885.0,2002,2.230389
1415,47058.0,2002,0.0
1416,47545.0,2002,0.0
1417,47707.0,2002,0.0
1418,50006.0,2002,5.6720635
1419,50110.0,2002,0.0
1420,50124.0,2002,0.0
1421,50150.0,2002,3.6503725
1422,50318.0,2002,0.0
1423,50568.0,2002,0.46054
1424,50577.0,2002,0.0
1425,50573.0,2002,0.672239
1426,50680.0,2002,0.0
1427,50689.0,2002,0.0
1428,50001.0,2002,11.062755
1429,50711.0,2002,0.0
1430,52356.0,2002,0.07822
1431,54128.0,2002,0.0
1432,54001.0,2002,0.381374
1433,54720.0,2002,0.0
1434,54810.0,2002,0.82957
1435,86001.0,2002,0.250761
1436,86320.0,2002,1.441112
1437,86568.0,2002,0.02366
1438,86569.0,2002,0.113205
1439,86571.0,2002,0.115612
1440,86757.0,2002,0.837155
1441,86865.0,2002,0.831937
1442,86885.0,2002,0.0
1443,68081.0,2002,3.02601
1444,68101.0,2002,0.0
1445,68190.0,2002,0.0659
1446,68235.0,2002,0.020185
1447,68575.0,2002,0.766847
1448,68615.0,2002,0.211509
1449,68655.0,2002,2.110151
1450,68689.0,2002,0.986037
1451,68745.0,2002,0.009815
1452,70418.0,2002,0.0
1453,70508.0,2002,0.0
1454,70717.0,2002,0.000253
1455,73026.0,2002,0.032933
1456,73168.0,2002,0.08707
1457,73200.0,2002,0.0
1458,73268.0,2002,0.050103
1459,73275.0,2002,0.050103
1460,73319.0,2002,0.00029
1461,73352.0,2002,0.789864
1462,73449.0,2002,0.789864
1463,73504.0,2002,0.738217
1464,73547.0,2002,0.352755
1465,73563.0,2002,1.735858
1466,73585.0,2002,2.082548
1467,73678.0,2002,0.036518
1468,73861.0,2002,0.0
1469,99624.0,2002,0.0
1470,5579.0,2003,0.0
1471,5585.0,2003,1.562434
1472,5591.0,2003,0.853457
1473,5893.0,2003,2.017032
1474,81001.0,2003,20.7638355
1475,81065.0,2003,13.9331295
1476,81736.0,2003,0.204614
1477,81794.0,2003,0.0
1478,13160.0,2003,1.015406
1479,13188.0,2003,0.054815
1480,13468.0,2003,0.0180405
1481,13780.0,2003,0.0619585
1482,15215.0,2003,0.0
1483,15572.0,2003,4.18192
1484,15667.0,2003,0.0
1485,15820.0,2003,0.0
1486,18610.0,2003,0.0
1487,85010.0,2003,36.369252
1488,85125.0,2003,0.0
1489,85139.0,2003,3.3033215
1490,85162.0,2003,0.0
1491,85225.0,2003,0.3750185
1492,85230.0,2003,2.210756
1493,85250.0,2003,0.833989
1494,85263.0,2003,0.0
1495,85325.0,2003,1.393141
1496,85410.0,2003,13.527963
1497,85430.0,2003,2.805492
1498,85440.0,2003,0.0
1499,85001.0,2003,28.120392
1500,19533.0,2003,0.314532
1501,20011.0,2003,0.070846
1502,20614.0,2003,0.118913
1503,20710.0,2003,0.173587
1504,20770.0,2003,0.109182
1505,25320.0,2003,1.528897
1506,25572.0,2003,0.029954
1507,25580.0,2003,0.064224
1508,25885.0,2003,0.0
1509,41016.0,2003,3.3550635
1510,41078.0,2003,0.113397
1511,41298.0,2003,0.1302345
1512,41306.0,2003,0.1302345
1513,41001.0,2003,10.0767495
1514,41518.0,2003,0.0
1515,41524.0,2003,3.572717
1516,41799.0,2003,0.0
1517,41797.0,2003,0.097514
1518,41872.0,2003,0.0
1519,41885.0,2003,2.033661
1520,47058.0,2003,0.0
1521,47545.0,2003,0.0
1522,47707.0,2003,0.0
1523,50006.0,2003,6.1373455
1524,50110.0,2003,0.0
1525,50124.0,2003,0.0
1526,50150.0,2003,4.1971705
1527,50318.0,2003,0.0
1528,50568.0,2003,1.621004
1529,50577.0,2003,0.0
1530,50573.0,2003,0.786601
1531,50680.0,2003,0.0
1532,50689.0,2003,0.0
1533,50001.0,2003,8.773623
1534,50711.0,2003,0.0
1535,52356.0,2003,0.060082
1536,54128.0,2003,0.0
1537,54001.0,2003,0.311469
1538,54720.0,2003,0.0
1539,54810.0,2003,0.786703
1540,86001.0,2003,0.180652
1541,86320.0,2003,1.624871
1542,86568.0,2003,0.247769
1543,86569.0,2003,0.18758
1544,86571.0,2003,0.096154
1545,86757.0,2003,0.6798895
1546,86865.0,2003,0.6798845
1547,86885.0,2003,0.0
1548,68081.0,2003,2.821718
1549,68101.0,2003,0.0
1550,68190.0,2003,0.059713
1551,68235.0,2003,0.029705
1552,68575.0,2003,0.804531
1553,68615.0,2003,0.202003
1554,68655.0,2003,1.943822
1555,68689.0,2003,0.937082
1556,68745.0,2003,0.016985
1557,70418.0,2003,0.0
1558,70508.0,2003,0.0
1559,70717.0,2003,6.5e-05
1560,73026.0,2003,0.024849
1561,73168.0,2003,0.0962775
1562,73200.0,2003,0.0
1563,73268.0,2003,0.0650575
1564,73275.0,2003,0.0650575
1565,73319.0,2003,0.000201
1566,73352.0,2003,2.272629
1567,73449.0,2003,2.272629
1568,73504.0,2003,0.786013
1569,73547.0,2003,0.367586
1570,73563.0,2003,1.119518
1571,73585.0,2003,1.425814
1572,73678.0,2003,0.0324365
1573,73861.0,2003,0.0
1574,99624.0,2003,0.0
1575,5579.0,2004,0.0
1576,5585.0,2004,1.34718
1577,5591.0,2004,0.745564
1578,5893.0,2004,2.057305
1579,81001.0,2004,20.290708
1580,81065.0,2004,14.430299
1581,81736.0,2004,0.152989
1582,81794.0,2004,0.106638
1583,13160.0,2004,1.6384565
1584,13188.0,2004,0.0602945
1585,13468.0,2004,0.025103
1586,13780.0,2004,0.0747685
1587,15215.0,2004,0.0
1588,15572.0,2004,5.63359
1589,15667.0,2004,0.0
1590,15820.0,2004,0.0
1591,18610.0,2004,0.0
1592,85010.0,2004,29.082995
1593,85125.0,2004,0.0
1594,85139.0,2004,3.181989
1595,85162.0,2004,0.0
1596,85225.0,2004,0.0908675
1597,85230.0,2004,3.4335045
1598,85250.0,2004,0.658373
1599,85263.0,2004,0.0
1600,85325.0,2004,1.5336295
1601,85410.0,2004,9.2560575
1602,85430.0,2004,1.710938
1603,85440.0,2004,0.0
1604,85001.0,2004,24.93214
1605,19533.0,2004,0.482952
1606,20011.0,2004,0.052081
1607,20614.0,2004,0.126847
1608,20710.0,2004,0.157943
1609,20770.0,2004,0.111855
1610,25320.0,2004,0.958159
1611,25572.0,2004,0.028838
1612,25580.0,2004,0.061575
1613,25885.0,2004,0.0
1614,41016.0,2004,2.911629
1615,41078.0,2004,0.105681
1616,41298.0,2004,0.130843
1617,41306.0,2004,0.130843
1618,41001.0,2004,9.53758
1619,41518.0,2004,0.0
1620,41524.0,2004,3.480285
1621,41799.0,2004,0.0
1622,41797.0,2004,0.16466
1623,41872.0,2004,0.0
1624,41885.0,2004,2.130664
1625,47058.0,2004,0.0
1626,47545.0,2004,0.0
1627,47707.0,2004,0.0
1628,50006.0,2004,8.0266785
1629,50110.0,2004,0.0
1630,50124.0,2004,0.0
1631,50150.0,2004,5.9207085
1632,50318.0,2004,0.0
1633,50568.0,2004,2.924601
1634,50577.0,2004,0.0
1635,50573.0,2004,1.008139
1636,50680.0,2004,0.0
1637,50689.0,2004,0.0
1638,50001.0,2004,8.744515
1639,50711.0,2004,0.0
1640,52356.0,2004,0.057169
1641,54128.0,2004,0.0
1642,54001.0,2004,0.261874
1643,54720.0,2004,0.0
1644,54810.0,2004,0.768953
1645,86001.0,2004,0.167214
1646,86320.0,2004,1.738294
1647,86568.0,2004,0.181672
1648,86569.0,2004,0.157675
1649,86571.0,2004,0.080022
1650,86757.0,2004,0.6408115
1651,86865.0,2004,0.6390655
1652,86885.0,2004,0.0
1653,68081.0,2004,3.217615
1654,68101.0,2004,0.0
1655,68190.0,2004,0.032411
1656,68235.0,2004,0.027256
1657,68575.0,2004,1.2802435
1658,68615.0,2004,0.212433
1659,68655.0,2004,2.085737
1660,68689.0,2004,0.932453
1661,68745.0,2004,0.01475
1662,70418.0,2004,0.0
1663,70508.0,2004,0.0
1664,70717.0,2004,3.2e-05
1665,73026.0,2004,0.031732
1666,73168.0,2004,0.117577
1667,73200.0,2004,0.0
1668,73268.0,2004,0.280288
1669,73275.0,2004,0.280288
1670,73319.0,2004,0.00112
1671,73352.0,2004,4.3871085
1672,73449.0,2004,4.3871085
1673,73504.0,2004,0.903436
1674,73547.0,2004,0.391287
1675,73563.0,2004,0.905625
1676,73585.0,2004,1.181138
1677,73678.0,2004,0.026514
1678,73861.0,2004,0.0
1679,99624.0,2004,0.0
1680,5579.0,2005,0.0
1681,5585.0,2005,1.048105
1682,5591.0,2005,0.537777
1683,5893.0,2005,2.506815
1684,81001.0,2005,19.773449
1685,81065.0,2005,13.65216
1686,81736.0,2005,0.127206
1687,81794.0,2005,0.179422
1688,13160.0,2005,1.8364975
1689,13188.0,2005,0.051951
1690,13468.0,2005,0.01677
1691,13780.0,2005,0.063257
1692,15215.0,2005,0.004453
1693,15572.0,2005,6.463833
1694,15667.0,2005,0.0
1695,15820.0,2005,0.004453
1696,18610.0,2005,0.0
1697,85010.0,2005,23.6055315
1698,85125.0,2005,0.0
1699,85139.0,2005,3.951667
1700,85162.0,2005,0.0
1701,85225.0,2005,0.0637925
1702,85230.0,2005,3.351187
1703,85250.0,2005,0.77455
1704,85263.0,2005,0.0
1705,85325.0,2005,1.337744
1706,85410.0,2005,7.062057
1707,85430.0,2005,1.906223
1708,85440.0,2005,0.0
1709,85001.0,2005,21.988431
1710,19533.0,2005,0.802554
1711,20011.0,2005,0.039479
1712,20614.0,2005,0.192534
1713,20710.0,2005,0.139605
1714,20770.0,2005,0.115084
1715,25320.0,2005,0.760956
1716,25572.0,2005,0.0143
1717,25580.0,2005,0.054283
1718,25885.0,2005,0.0
1719,41016.0,2005,2.8173015
1720,41078.0,2005,0.090658
1721,41298.0,2005,0.1234155
1722,41306.0,2005,0.1234155
1723,41001.0,2005,9.3129115
1724,41518.0,2005,0.0
1725,41524.0,2005,3.578546
1726,41799.0,2005,0.0
1727,41797.0,2005,0.262235
1728,41872.0,2005,0.0
1729,41885.0,2005,2.102645
1730,47058.0,2005,0.0
1731,47545.0,2005,0.0
1732,47707.0,2005,0.0
1733,50006.0,2005,10.520666
1734,50110.0,2005,0.0
1735,50124.0,2005,0.0
1736,50150.0,2005,8.393986
1737,50318.0,2005,0.0
1738,50568.0,2005,5.84143
1739,50577.0,2005,0.0
1740,50573.0,2005,1.05009
1741,50680.0,2005,0.0
1742,50689.0,2005,0.021385
1743,50001.0,2005,8.509137
1744,50711.0,2005,0.0
1745,52356.0,2005,0.042217
1746,54128.0,2005,0.010887
1747,54001.0,2005,0.260342
1748,54720.0,2005,0.0
1749,54810.0,2005,0.661355
1750,86001.0,2005,0.159279
1751,86320.0,2005,1.554641
1752,86568.0,2005,0.4818
1753,86569.0,2005,0.297307
1754,86571.0,2005,0.033007
1755,86757.0,2005,0.5700205
1756,86865.0,2005,0.5700205
1757,86885.0,2005,0.0
1758,68081.0,2005,3.512438
1759,68101.0,2005,0.0
1760,68190.0,2005,0.040243
1761,68235.0,2005,0.026384
1762,68575.0,2005,1.4496545
1763,68615.0,2005,0.22304
1764,68655.0,2005,2.199084
1765,68689.0,2005,0.954345
1766,68745.0,2005,0.018088
1767,70418.0,2005,0.0
1768,70508.0,2005,0.0
1769,70717.0,2005,4.2e-05
1770,73026.0,2005,0.028077
1771,73168.0,2005,0.135316
1772,73200.0,2005,0.0
1773,73268.0,2005,0.391347
1774,73275.0,2005,0.391347
1775,73319.0,2005,0.0
1776,73352.0,2005,4.966376
1777,73449.0,2005,4.966376
1778,73504.0,2005,0.7083765
1779,73547.0,2005,0.424696
1780,73563.0,2005,0.7752135
1781,73585.0,2005,1.0207375
1782,73678.0,2005,0.0239285
1783,73861.0,2005,0.0
1784,99624.0,2005,0.0
1785,5579.0,2006,0.0
1786,5585.0,2006,1.2123435
1787,5591.0,2006,0.4950945
1788,5893.0,2006,2.649276
1789,81001.0,2006,17.9863745
1790,81065.0,2006,15.2951065
1791,81736.0,2006,0.09984
1792,81794.0,2006,0.410321
1793,13160.0,2006,2.3192755
1794,13188.0,2006,0.0546985
1795,13468.0,2006,0.014629
1796,13780.0,2006,0.0644815
1797,15215.0,2006,0.016442
1798,15572.0,2006,6.477692
1799,15667.0,2006,0.003834
1800,15820.0,2006,0.016442
1801,18610.0,2006,0.0
1802,85010.0,2006,20.201333
1803,85125.0,2006,0.0
1804,85139.0,2006,3.925299
1805,85162.0,2006,0.0
1806,85225.0,2006,0.0669565
1807,85230.0,2006,3.106888
1808,85250.0,2006,1.006603
1809,85263.0,2006,0.063539
1810,85325.0,2006,1.511582
1811,85410.0,2006,6.02339
1812,85430.0,2006,1.850399
1813,85440.0,2006,0.0
1814,85001.0,2006,18.7317895
1815,19533.0,2006,0.788782
1816,20011.0,2006,0.025466
1817,20614.0,2006,0.179988
1818,20710.0,2006,0.137108
1819,20770.0,2006,0.116903
1820,25320.0,2006,0.531169
1821,25572.0,2006,0.024752
1822,25580.0,2006,0.08221
1823,25885.0,2006,0.0
1824,41016.0,2006,4.009349
1825,41078.0,2006,0.088
1826,41298.0,2006,0.1183685
1827,41306.0,2006,0.1183685
1828,41001.0,2006,7.731909
1829,41518.0,2006,0.000657
1830,41524.0,2006,3.145782
1831,41799.0,2006,0.0
1832,41797.0,2006,0.315804
1833,41872.0,2006,0.0
1834,41885.0,2006,1.868121
1835,47058.0,2006,0.0
1836,47545.0,2006,0.0
1837,47707.0,2006,0.0
1838,50006.0,2006,12.694274
1839,50110.0,2006,0.0
1840,50124.0,2006,0.0
1841,50150.0,2006,10.576987
1842,50318.0,2006,0.0
1843,50568.0,2006,8.495599
1844,50577.0,2006,0.0
1845,50573.0,2006,0.844738
1846,50680.0,2006,0.0
1847,50689.0,2006,0.038468
1848,50001.0,2006,7.147339
1849,50711.0,2006,0.0
1850,52356.0,2006,0.0
1851,54128.0,2006,0.009164
1852,54001.0,2006,0.2629735
1853,54720.0,2006,0.0
1854,54810.0,2006,0.6589225
1855,86001.0,2006,0.139997
1856,86320.0,2006,2.090994
1857,86568.0,2006,0.562863
1858,86569.0,2006,0.300282
1859,86571.0,2006,0.034486
1860,86757.0,2006,0.545687
1861,86865.0,2006,0.523267
1862,86885.0,2006,0.0
1863,68081.0,2006,3.660947
1864,68101.0,2006,0.0
1865,68190.0,2006,0.031401
1866,68235.0,2006,0.022855
1867,68575.0,2006,1.9774375
1868,68615.0,2006,0.199149
1869,68655.0,2006,2.0705
1870,68689.0,2006,1.237086
1871,68745.0,2006,0.014915
1872,70418.0,2006,0.0
1873,70508.0,2006,0.0
1874,70717.0,2006,5.7e-05
1875,73026.0,2006,0.030437
1876,73168.0,2006,0.1187075
1877,73200.0,2006,0.0
1878,73268.0,2006,0.4716315
1879,73275.0,2006,0.4716315
1880,73319.0,2006,0.00599
1881,73352.0,2006,5.7334775
1882,73449.0,2006,5.7334775
1883,73504.0,2006,0.719496
1884,73547.0,2006,0.516237
1885,73563.0,2006,0.7223655
1886,73585.0,2006,0.9147105
1887,73678.0,2006,0.0291885
1888,73861.0,2006,0.0
1889,99624.0,2006,0.0
1890,5579.0,2007,0.0
1891,5585.0,2007,1.127259
1892,5591.0,2007,0.457761
1893,5893.0,2007,2.998127
1894,81001.0,2007,16.7702415
1895,81065.0,2007,19.2270945
1896,81736.0,2007,0.102617
1897,81794.0,2007,0.318482
1898,13160.0,2007,2.467216
1899,13188.0,2007,0.05611
1900,13468.0,2007,0.0124665
1901,13780.0,2007,0.0644315
1902,15215.0,2007,0.0181645
1903,15572.0,2007,7.008524
1904,15667.0,2007,0.010699
1905,15820.0,2007,0.0181645
1906,18610.0,2007,0.0
1907,85010.0,2007,15.622545
1908,85125.0,2007,0.001146
1909,85139.0,2007,3.2440245
1910,85162.0,2007,0.0
1911,85225.0,2007,0.031976
1912,85230.0,2007,3.389971
1913,85250.0,2007,0.938913
1914,85263.0,2007,0.29396
1915,85325.0,2007,1.799396
1916,85410.0,2007,4.6724935
1917,85430.0,2007,1.782758
1918,85440.0,2007,0.0
1919,85001.0,2007,16.47814
1920,19533.0,2007,0.518534
1921,20011.0,2007,0.0257645
1922,20614.0,2007,0.1788005
1923,20710.0,2007,0.12264
1924,20770.0,2007,0.098033
1925,25320.0,2007,0.406254
1926,25572.0,2007,0.016156
1927,25580.0,2007,0.088171
1928,25885.0,2007,0.0
1929,41016.0,2007,3.297378
1930,41078.0,2007,0.071125
1931,41298.0,2007,0.1497355
1932,41306.0,2007,0.1497355
1933,41001.0,2007,6.968319
1934,41518.0,2007,0.071394
1935,41524.0,2007,2.687824
1936,41799.0,2007,0.0
1937,41797.0,2007,0.473262
1938,41872.0,2007,0.020347
1939,41885.0,2007,1.835916
1940,47058.0,2007,0.0
1941,47545.0,2007,0.0
1942,47707.0,2007,0.0
1943,50006.0,2007,12.898581
1944,50110.0,2007,0.362621
1945,50124.0,2007,0.362621
1946,50150.0,2007,10.738422
1947,50318.0,2007,0.0
1948,50568.0,2007,12.741054
1949,50577.0,2007,0.0
1950,50573.0,2007,0.611174
1951,50680.0,2007,0.0
1952,50689.0,2007,0.036353
1953,50001.0,2007,5.824744
1954,50711.0,2007,0.0
1955,52356.0,2007,0.059857
1956,54128.0,2007,0.017042
1957,54001.0,2007,0.2775555
1958,54720.0,2007,0.0
1959,54810.0,2007,0.8069665
1960,86001.0,2007,0.112191
1961,86320.0,2007,2.413791
1962,86568.0,2007,0.651712
1963,86569.0,2007,0.333922
1964,86571.0,2007,0.031507
1965,86757.0,2007,0.4802095
1966,86865.0,2007,0.4863765
1967,86885.0,2007,0.421154
1968,68081.0,2007,5.274561
1969,68101.0,2007,0.0
1970,68190.0,2007,0.033646
1971,68235.0,2007,0.022868
1972,68575.0,2007,2.148924
1973,68615.0,2007,0.302685
1974,68655.0,2007,2.123614
1975,68689.0,2007,1.532973
1976,68745.0,2007,0.021983
1977,70418.0,2007,4e-06
1978,70508.0,2007,0.0
1979,70717.0,2007,3.9e-05
1980,73026.0,2007,0.042161
1981,73168.0,2007,0.1272915
1982,73200.0,2007,0.0
1983,73268.0,2007,0.6593685
1984,73275.0,2007,0.6593685
1985,73319.0,2007,0.001557
1986,73352.0,2007,5.6660355
1987,73449.0,2007,5.6660355
1988,73504.0,2007,0.6879425
1989,73547.0,2007,0.866264
1990,73563.0,2007,1.0223775
1991,73585.0,2007,1.1873645
1992,73678.0,2007,0.030437
1993,73861.0,2007,0.0
1994,99624.0,2007,0.0
1995,5579.0,2008,0.0
1996,5585.0,2008,0.9682435
1997,5591.0,2008,0.3872275
1998,5893.0,2008,3.878207
1999,81001.0,2008,15.6456515
2000,81065.0,2008,19.6687795
2001,81736.0,2008,0.101629
2002,81794.0,2008,0.561971
2003,13160.0,2008,2.3636975
2004,13188.0,2008,0.0537745
2005,13468.0,2008,0.01643
2006,13780.0,2008,0.0696745
2007,15215.0,2008,0.0166025
2008,15572.0,2008,9.079428
2009,15667.0,2008,0.0
2010,15820.0,2008,0.0166025
2011,18610.0,2008,0.0
2012,85010.0,2008,12.9175875
2013,85125.0,2008,0.006329
2014,85139.0,2008,3.0327975
2015,85162.0,2008,0.0
2016,85225.0,2008,0.0231925
2017,85230.0,2008,5.2124745
2018,85250.0,2008,1.570124
2019,85263.0,2008,0.312296
2020,85325.0,2008,2.0423555
2021,85410.0,2008,3.9595135
2022,85430.0,2008,1.905123
2023,85440.0,2008,0.0
2024,85001.0,2008,14.776615
2025,19533.0,2008,0.425156
2026,20011.0,2008,0.0326785
2027,20614.0,2008,0.1692225
2028,20710.0,2008,0.124596
2029,20770.0,2008,0.476906
2030,25320.0,2008,0.340977
2031,25572.0,2008,0.020825
2032,25580.0,2008,0.065787
2033,25885.0,2008,0.0
2034,41016.0,2008,4.625006
2035,41078.0,2008,0.051944
2036,41298.0,2008,0.100236
2037,41306.0,2008,0.100236
2038,41001.0,2008,6.3809845
2039,41518.0,2008,0.014059
2040,41524.0,2008,2.4601935
2041,41799.0,2008,0.0
2042,41797.0,2008,0.568874
2043,41872.0,2008,0.068571
2044,41885.0,2008,1.622496
2045,47058.0,2008,0.0
2046,47545.0,2008,0.0
2047,47707.0,2008,0.0
2048,50006.0,2008,15.2234475
2049,50110.0,2008,1.367573
2050,50124.0,2008,1.367573
2051,50150.0,2008,12.3723395
2052,50318.0,2008,0.0
2053,50568.0,2008,22.076776
2054,50577.0,2008,0.0
2055,50573.0,2008,0.51181
2056,50680.0,2008,0.0
2057,50689.0,2008,0.043993
2058,50001.0,2008,6.652277
2059,50711.0,2008,0.0
2060,52356.0,2008,0.074935
2061,54128.0,2008,0.038731
2062,54001.0,2008,0.2814475
2063,54720.0,2008,0.001483
2064,54810.0,2008,0.8355595
2065,86001.0,2008,0.102185
2066,86320.0,2008,2.510571
2067,86568.0,2008,0.746019
2068,86569.0,2008,0.312131
2069,86571.0,2008,0.028578
2070,86757.0,2008,0.4185305
2071,86865.0,2008,0.4361665
2072,86885.0,2008,2.26811
2073,68081.0,2008,8.033514
2074,68101.0,2008,0.0
2075,68190.0,2008,0.04205
2076,68235.0,2008,0.022213
2077,68575.0,2008,2.5244575
2078,68615.0,2008,0.383134
2079,68655.0,2008,2.071576
2080,68689.0,2008,1.948448
2081,68745.0,2008,0.033887
2082,70418.0,2008,0.0029925
2083,70508.0,2008,0.0
2084,70717.0,2008,0.0029925
2085,73026.0,2008,0.04474
2086,73168.0,2008,0.1524335
2087,73200.0,2008,0.005634
2088,73268.0,2008,0.643817
2089,73275.0,2008,0.643817
2090,73319.0,2008,0.002425
2091,73352.0,2008,5.2664535
2092,73449.0,2008,5.2664535
2093,73504.0,2008,0.7451635
2094,73547.0,2008,1.045754
2095,73563.0,2008,0.9963395
2096,73585.0,2008,1.1381025
2097,73678.0,2008,0.134622
2098,73861.0,2008,0.0
2099,99624.0,2008,0.008785
2100,5579.0,2009,3.6e-05
2101,5585.0,2009,0.8289075
2102,5591.0,2009,0.327444
2103,5893.0,2009,4.704147
2104,81001.0,2009,13.8335215
2105,81065.0,2009,20.3378155
2106,81736.0,2009,0.093961
2107,81794.0,2009,0.31462
2108,13160.0,2009,2.0893305
2109,13188.0,2009,0.059385
2110,13468.0,2009,0.020687
2111,13780.0,2009,0.079694
2112,15215.0,2009,0.0164595
2113,15572.0,2009,9.9511005
2114,15667.0,2009,0.0
2115,15820.0,2009,0.0164595
2116,18610.0,2009,0.0
2117,85010.0,2009,11.904084
2118,85125.0,2009,0.0
2119,85139.0,2009,3.3292165
2120,85162.0,2009,0.0
2121,85225.0,2009,0.018204
2122,85230.0,2009,6.070622
2123,85250.0,2009,1.782225
2124,85263.0,2009,0.70861
2125,85325.0,2009,2.641993
2126,85410.0,2009,3.4254545
2127,85430.0,2009,1.687947
2128,85440.0,2009,0.0
2129,85001.0,2009,13.864081
2130,19533.0,2009,0.406564
2131,20011.0,2009,0.028831
2132,20614.0,2009,0.238846
2133,20710.0,2009,0.105713
2134,20770.0,2009,0.637933
2135,25320.0,2009,0.299578
2136,25572.0,2009,0.012606
2137,25580.0,2009,0.058341
2138,25885.0,2009,0.0
2139,41016.0,2009,5.401122
2140,41078.0,2009,0.036952
2141,41298.0,2009,0.164678
2142,41306.0,2009,0.164678
2143,41001.0,2009,6.068759
2144,41518.0,2009,0.175414
2145,41524.0,2009,2.228246
2146,41799.0,2009,0.0
2147,41797.0,2009,0.581259
2148,41872.0,2009,0.083937
2149,41885.0,2009,1.541135
2150,47058.0,2009,0.000106
2151,47545.0,2009,0.0
2152,47707.0,2009,0.0
2153,50006.0,2009,18.8868465
2154,50110.0,2009,2.8255805
2155,50124.0,2009,2.8285635
2156,50150.0,2009,14.4649125
2157,50318.0,2009,0.007751
2158,50568.0,2009,36.570712
2159,50577.0,2009,0.0
2160,50573.0,2009,0.473066
2161,50680.0,2009,0.0
2162,50689.0,2009,0.06439
2163,50001.0,2009,7.319739
2164,50711.0,2009,0.00136
2165,52356.0,2009,0.07041
2166,54128.0,2009,0.032153
2167,54001.0,2009,0.3059375
2168,54720.0,2009,0.001542
2169,54810.0,2009,0.8803625
2170,86001.0,2009,0.100054
2171,86320.0,2009,2.920502
2172,86568.0,2009,0.798507
2173,86569.0,2009,0.379984
2174,86571.0,2009,0.026457
2175,86757.0,2009,0.2872545
2176,86865.0,2009,0.2951115
2177,86885.0,2009,5.21734
2178,68081.0,2009,11.232069
2179,68101.0,2009,0.0
2180,68190.0,2009,0.029263
2181,68235.0,2009,0.021412
2182,68575.0,2009,2.2328725
2183,68615.0,2009,0.538937
2184,68655.0,2009,2.175377
2185,68689.0,2009,2.178924
2186,68745.0,2009,0.027849
2187,70418.0,2009,0.0036675
2188,70508.0,2009,0.0
2189,70717.0,2009,0.0036675
2190,73026.0,2009,0.038991
2191,73168.0,2009,0.1296675
2192,73200.0,2009,0.008184
2193,73268.0,2009,0.544607
2194,73275.0,2009,0.544607
2195,73319.0,2009,0.003676
2196,73352.0,2009,4.7792045
2197,73449.0,2009,4.7792045
2198,73504.0,2009,0.7862695
2199,73547.0,2009,1.134058
2200,73563.0,2009,1.071389
2201,73585.0,2009,1.196571
2202,73678.0,2009,0.084208
2203,73861.0,2009,0.000391
2204,99624.0,2009,0.015592
2205,5579.0,2010,0.0
2206,5585.0,2010,0.664223
2207,5591.0,2010,0.2551995
2208,5893.0,2010,6.114673
2209,81001.0,2010,11.583619
2210,81065.0,2010,17.831269
2211,81736.0,2010,0.090105
2212,81794.0,2010,0.224458
2213,13160.0,2010,2.109558
2214,13188.0,2010,0.0639265
2215,13468.0,2010,0.018535
2216,13780.0,2010,0.0824615
2217,15215.0,2010,0.0143755
2218,15572.0,2010,12.2523065
2219,15667.0,2010,0.012931
2220,15820.0,2010,0.0143755
2221,18610.0,2010,0.0
2222,85010.0,2010,10.371861
2223,85125.0,2010,0.0
2224,85139.0,2010,4.3163065
2225,85162.0,2010,0.155742
2226,85225.0,2010,0.086164
2227,85230.0,2010,5.9455735
2228,85250.0,2010,2.879896
2229,85263.0,2010,0.426259
2230,85325.0,2010,2.5296695
2231,85410.0,2010,4.960242
2232,85430.0,2010,2.419359
2233,85440.0,2010,0.200998
2234,85001.0,2010,13.4352075
2235,19533.0,2010,0.33024
2236,20011.0,2010,0.030641
2237,20614.0,2010,0.315916
2238,20710.0,2010,0.148992
2239,20770.0,2010,0.777954
2240,25320.0,2010,0.234133
2241,25572.0,2010,0.017512
2242,25580.0,2010,0.061416
2243,25885.0,2010,0.000108
2244,41016.0,2010,5.1699385
2245,41078.0,2010,0.036074
2246,41298.0,2010,0.428177
2247,41306.0,2010,0.428177
2248,41001.0,2010,5.260305
2249,41518.0,2010,0.648875
2250,41524.0,2010,2.0483895
2251,41799.0,2010,0.0
2252,41797.0,2010,0.745623
2253,41872.0,2010,0.062543
2254,41885.0,2010,1.340215
2255,47058.0,2010,0.0
2256,47545.0,2010,0.0
2257,47707.0,2010,0.0
2258,50006.0,2010,23.5997575
2259,50110.0,2010,1.6042915
2260,50124.0,2010,8.9056155
2261,50150.0,2010,17.9668855
2262,50318.0,2010,1.486187
2263,50568.0,2010,59.810723
2264,50577.0,2010,0.0
2265,50573.0,2010,0.413282
2266,50680.0,2010,0.0
2267,50689.0,2010,0.105292
2268,50001.0,2010,8.158046
2269,50711.0,2010,0.015614
2270,52356.0,2010,0.370955
2271,54128.0,2010,0.029606
2272,54001.0,2010,0.272535
2273,54720.0,2010,0.001085
2274,54810.0,2010,0.964675
2275,86001.0,2010,0.095293
2276,86320.0,2010,2.927887
2277,86568.0,2010,2.116603
2278,86569.0,2010,0.388037
2279,86571.0,2010,0.017247
2280,86757.0,2010,0.337541
2281,86865.0,2010,0.380551
2282,86885.0,2010,6.744015
2283,68081.0,2010,12.331432
2284,68101.0,2010,0.00959
2285,68190.0,2010,0.019991
2286,68235.0,2010,0.021304
2287,68575.0,2010,2.273837
2288,68615.0,2010,0.652366
2289,68655.0,2010,2.12067
2290,68689.0,2010,1.986382
2291,68745.0,2010,0.017013
2292,70418.0,2010,0.0050855
2293,70508.0,2010,0.0
2294,70717.0,2010,0.0053375
2295,73026.0,2010,0.036282
2296,73168.0,2010,0.109365
2297,73200.0,2010,0.005588
2298,73268.0,2010,0.499434
2299,73275.0,2010,0.499063
2300,73319.0,2010,0.0
2301,73352.0,2010,3.8092845
2302,73449.0,2010,3.8092845
2303,73504.0,2010,0.6662425
2304,73547.0,2010,1.065754
2305,73563.0,2010,1.239458
2306,73585.0,2010,1.310634
2307,73678.0,2010,0.0669385
2308,73861.0,2010,0.0
2309,99624.0,2010,0.191865
